age,job,marital,education,default,balance,housing,loan,contact,day,month,duration,campaign,pdays,previous,poutcome,y
33,services,married,secondary,no,4789,yes,yes,cellular,11,may,220,1,339,4,failure,no
35,management,single,tertiary,no,1350,yes,no,cellular,16,apr,185,1,330,1,failure,no
35,management,single,tertiary,no,747,no,no,cellular,23,feb,141,2,176,3,failure,no
36,self-employed,married,tertiary,no,307,yes,no,cellular,14,may,341,1,330,2,other,no
43,services,married,primary,no,-88,yes,yes,cellular,17,apr,313,1,147,2,failure,no
31,blue-collar,married,secondary,no,360,yes,yes,cellular,29,jan,89,1,241,1,failure,no
37,admin.,single,tertiary,no,2317,yes,no,cellular,20,apr,114,1,152,2,failure,no
31,services,married,secondary,no,132,no,no,cellular,7,jul,148,1,152,1,other,no
33,management,married,secondary,no,3935,yes,no,cellular,6,may,765,1,342,2,failure,yes
55,blue-collar,married,primary,no,145,no,no,telephone,2,feb,59,3,5,2,other,no
34,technician,married,tertiary,no,1539,yes,no,cellular,15,jun,441,1,56,1,other,yes
51,blue-collar,divorced,secondary,no,203,yes,no,cellular,8,may,134,1,170,5,failure,no
37,management,married,tertiary,no,0,no,no,cellular,16,jul,268,2,182,3,success,yes
41,blue-collar,divorced,secondary,no,174,yes,no,cellular,14,may,367,2,297,1,other,no
40,unemployed,married,secondary,no,219,yes,no,cellular,17,nov,204,2,196,1,failure,no
52,services,married,secondary,no,657,no,no,telephone,7,jul,398,2,460,2,failure,yes
30,admin.,single,tertiary,no,261,no,no,cellular,19,oct,233,1,137,20,failure,no
36,blue-collar,divorced,secondary,no,2843,no,no,cellular,12,feb,473,1,182,1,success,no
38,management,single,tertiary,no,493,yes,no,cellular,11,may,553,1,367,7,failure,no
32,management,single,tertiary,no,574,yes,no,cellular,14,apr,259,2,145,3,failure,no
21,student,single,secondary,no,2488,no,no,cellular,30,jun,258,6,169,3,success,yes
33,blue-collar,single,secondary,no,22,no,no,cellular,30,jan,76,2,207,1,failure,no
51,management,single,tertiary,yes,-55,yes,no,cellular,11,may,281,2,266,6,failure,no
32,blue-collar,single,secondary,no,228,no,no,telephone,5,feb,176,1,288,3,failure,no
29,admin.,single,secondary,no,428,yes,yes,cellular,7,may,54,1,345,2,failure,no
46,admin.,married,secondary,no,179,yes,no,cellular,29,jan,194,4,436,1,other,no
55,admin.,married,secondary,no,602,no,no,cellular,1,jun,324,3,90,2,success,yes
55,technician,married,secondary,no,273,yes,no,cellular,29,jan,84,3,183,3,failure,no
28,management,single,tertiary,no,80,no,no,cellular,20,oct,676,2,146,2,failure,yes
40,admin.,single,secondary,no,462,yes,yes,cellular,6,apr,272,1,335,4,other,no
37,admin.,married,secondary,no,176,yes,no,cellular,5,may,147,2,347,1,failure,no
37,admin.,married,tertiary,no,0,yes,no,cellular,17,nov,65,2,119,1,failure,no
34,admin.,married,tertiary,no,899,yes,no,telephone,19,nov,377,3,7,4,success,no
37,services,single,secondary,no,21,yes,no,cellular,2,feb,96,1,271,2,other,no
36,technician,married,secondary,no,23,yes,no,cellular,8,may,152,2,347,1,failure,no
75,retired,married,secondary,no,3771,no,no,telephone,15,apr,185,1,181,2,success,yes
34,technician,single,tertiary,no,992,yes,no,cellular,4,may,301,1,88,2,success,no
35,technician,single,tertiary,no,2658,yes,no,cellular,19,aug,768,2,141,3,failure,yes
39,management,divorced,tertiary,no,1315,yes,no,cellular,19,nov,1337,4,126,1,failure,no
29,technician,married,secondary,no,1599,yes,no,cellular,8,jul,115,1,61,1,failure,no
38,services,single,secondary,no,-196,yes,no,cellular,2,feb,60,1,271,1,failure,no
38,technician,married,tertiary,no,432,yes,no,cellular,15,may,10,2,373,1,other,no
30,blue-collar,married,secondary,no,975,yes,no,cellular,13,may,256,2,351,2,failure,no
33,technician,married,secondary,no,359,yes,no,cellular,20,apr,210,1,242,1,other,no
35,technician,married,tertiary,no,0,yes,yes,cellular,23,sep,112,1,62,6,other,no
44,technician,single,secondary,no,33,yes,no,cellular,13,may,195,3,351,10,failure,no
45,blue-collar,single,secondary,no,0,yes,no,cellular,26,jul,768,2,91,5,success,no
33,blue-collar,married,secondary,no,3576,yes,no,cellular,2,apr,124,1,308,2,other,no
36,management,married,tertiary,no,0,yes,no,cellular,28,jan,60,1,250,1,other,no
43,technician,married,secondary,no,0,no,yes,cellular,8,may,9,2,172,5,failure,no
58,retired,married,primary,no,3401,yes,no,cellular,3,feb,84,3,265,2,failure,no
58,technician,married,tertiary,no,883,no,no,cellular,18,aug,543,1,78,2,failure,no
40,services,married,secondary,no,0,yes,no,cellular,2,jun,297,1,28,3,failure,no
35,housemaid,married,tertiary,no,11219,no,no,cellular,12,aug,699,2,79,1,failure,no
34,admin.,married,tertiary,no,69,no,yes,cellular,4,aug,120,3,1,6,success,yes
65,retired,divorced,primary,no,1840,no,no,cellular,1,jun,383,2,188,5,failure,no
49,blue-collar,married,secondary,no,8545,yes,yes,cellular,6,may,199,7,167,1,failure,no
25,admin.,single,tertiary,no,760,yes,no,cellular,27,may,223,3,89,2,failure,yes
35,entrepreneur,married,secondary,no,2971,no,no,cellular,4,may,429,4,164,2,failure,yes
38,management,married,tertiary,no,1199,no,no,cellular,4,aug,178,1,1,1,success,yes
33,technician,married,secondary,no,6699,no,no,cellular,9,nov,425,1,462,1,failure,no
35,unemployed,married,secondary,no,978,no,no,cellular,29,dec,1370,3,209,3,success,yes
29,technician,single,tertiary,no,828,yes,no,cellular,16,apr,215,3,321,3,other,no
33,management,single,tertiary,no,1410,yes,no,cellular,5,feb,8,1,254,5,failure,no
63,retired,married,primary,no,1084,no,no,cellular,14,oct,201,1,183,1,success,no
41,management,married,tertiary,no,832,yes,yes,cellular,21,nov,164,1,176,1,failure,no
36,blue-collar,single,secondary,no,219,yes,yes,cellular,11,may,270,2,347,1,failure,no
55,management,married,primary,no,2587,no,no,cellular,4,sep,328,2,94,2,success,yes
47,self-employed,married,tertiary,no,2303,yes,no,cellular,6,may,323,2,364,1,failure,no
50,management,married,tertiary,no,4,no,no,cellular,17,nov,223,1,96,2,failure,no
29,management,married,tertiary,no,318,yes,no,cellular,18,may,1434,2,356,4,failure,no
32,management,single,tertiary,no,8436,yes,no,cellular,17,apr,245,1,149,2,failure,no
30,entrepreneur,married,secondary,no,946,yes,no,cellular,19,nov,1065,1,183,1,other,no
42,admin.,married,secondary,no,-396,yes,no,cellular,11,may,80,1,308,4,failure,no
30,services,single,secondary,no,0,yes,no,cellular,18,may,131,6,363,9,failure,no
37,management,married,tertiary,no,393,yes,no,cellular,14,may,567,3,275,4,failure,yes
39,blue-collar,married,secondary,no,0,yes,no,cellular,30,apr,53,1,325,1,failure,no
37,services,married,secondary,no,1328,yes,no,telephone,13,may,121,2,341,4,failure,no
33,management,single,tertiary,no,1240,yes,no,cellular,4,feb,505,2,260,1,other,no
33,blue-collar,married,secondary,no,43,yes,no,cellular,14,may,332,2,358,2,failure,no
37,technician,single,tertiary,no,6101,no,no,cellular,4,may,60,5,87,1,success,no
44,management,married,secondary,no,438,yes,no,telephone,8,may,37,3,303,1,failure,no
54,admin.,married,secondary,no,0,no,no,cellular,28,jan,161,1,98,2,failure,yes
75,retired,divorced,tertiary,no,3810,yes,no,cellular,16,nov,262,1,183,1,failure,yes
37,management,married,tertiary,no,502,yes,no,cellular,7,may,551,1,351,1,failure,no
37,management,single,tertiary,no,876,yes,no,cellular,15,apr,140,4,327,2,failure,no
43,blue-collar,married,secondary,no,130,no,no,cellular,5,may,156,1,337,3,failure,no
27,admin.,single,secondary,no,619,yes,no,cellular,20,apr,16,5,322,4,other,no
43,management,divorced,tertiary,no,36,no,no,cellular,26,may,118,1,102,2,failure,no
32,blue-collar,married,secondary,no,889,yes,no,cellular,10,sep,185,1,99,5,success,yes
59,housemaid,married,secondary,no,0,no,no,telephone,3,feb,722,1,99,4,failure,no
77,retired,married,tertiary,no,7802,no,no,telephone,4,may,421,1,92,2,success,yes
40,technician,married,secondary,no,694,yes,no,cellular,4,feb,97,4,196,5,failure,no
53,admin.,married,secondary,no,1796,no,no,telephone,16,mar,295,1,91,2,success,yes
50,housemaid,married,secondary,no,7317,yes,no,cellular,13,may,172,1,370,1,failure,no
32,management,single,tertiary,no,12607,no,no,cellular,14,aug,203,5,84,1,failure,no
38,blue-collar,married,secondary,no,121,yes,yes,cellular,6,feb,168,1,212,2,failure,no
52,technician,married,secondary,no,195,yes,no,cellular,18,feb,220,1,63,5,failure,yes
45,unemployed,divorced,primary,no,757,no,no,cellular,20,apr,103,1,325,4,failure,no
34,management,married,tertiary,no,902,yes,no,cellular,14,may,159,1,367,2,other,no
61,retired,married,secondary,no,5207,no,no,cellular,11,sep,336,1,81,2,other,no
43,admin.,divorced,secondary,no,738,yes,no,cellular,21,nov,585,4,191,4,failure,no
43,services,married,primary,no,2567,yes,no,cellular,14,may,109,1,360,2,failure,no
47,admin.,single,secondary,no,3696,no,no,cellular,12,jul,250,2,181,4,success,yes
34,technician,married,secondary,no,-228,yes,no,cellular,20,apr,187,3,332,3,other,no
63,retired,married,secondary,no,2747,no,no,cellular,11,sep,113,1,80,1,failure,no
37,admin.,married,secondary,no,1314,yes,no,cellular,8,may,682,2,85,7,success,no
50,technician,married,secondary,no,2497,yes,no,cellular,21,nov,35,1,176,1,failure,no
40,technician,married,secondary,no,56,yes,yes,cellular,29,jan,194,1,247,1,failure,no
53,management,married,tertiary,no,1319,yes,no,cellular,16,apr,427,1,150,1,failure,no
49,blue-collar,married,secondary,no,171,no,no,cellular,4,feb,19,3,175,2,other,no
33,technician,single,tertiary,no,696,no,yes,cellular,5,feb,193,1,176,8,failure,no
47,housemaid,married,primary,no,201,yes,no,cellular,7,aug,58,2,382,1,failure,no
50,blue-collar,married,primary,no,12519,yes,no,cellular,17,apr,146,2,147,4,success,no
39,technician,married,tertiary,no,1161,yes,no,cellular,9,apr,236,1,336,1,failure,no
35,technician,married,tertiary,no,7050,no,no,cellular,11,aug,222,3,182,4,success,yes
40,management,single,tertiary,no,1509,no,no,cellular,12,may,333,1,58,3,failure,no
59,management,married,tertiary,no,2764,no,no,cellular,24,dec,237,1,206,2,failure,no
33,technician,married,tertiary,no,8023,no,no,cellular,30,nov,107,1,105,3,failure,no
46,management,divorced,tertiary,no,6269,yes,no,telephone,18,nov,249,3,112,2,failure,no
60,management,married,primary,no,252,yes,yes,cellular,13,apr,123,2,147,3,failure,no
33,housemaid,single,tertiary,no,23663,yes,no,cellular,16,apr,199,2,146,2,failure,no
27,entrepreneur,single,tertiary,no,81,no,no,cellular,5,feb,197,1,199,3,failure,no
64,retired,married,primary,no,43,no,no,cellular,11,mar,117,1,91,1,success,no
47,technician,married,secondary,no,57,no,no,cellular,5,may,253,1,342,1,success,no
36,technician,divorced,secondary,no,666,yes,yes,cellular,3,apr,190,1,133,1,other,no
53,entrepreneur,married,primary,no,1034,yes,no,cellular,19,nov,854,2,170,3,other,no
54,technician,married,secondary,no,0,no,no,telephone,16,nov,986,1,94,8,failure,no
55,management,married,primary,no,621,no,yes,cellular,2,feb,114,1,208,1,failure,no
44,technician,married,secondary,no,310,yes,no,cellular,6,feb,200,1,253,1,failure,no
37,technician,married,secondary,no,64,yes,no,cellular,12,may,239,4,278,2,other,no
28,services,single,secondary,no,168,no,no,cellular,1,jun,347,3,140,2,success,yes
46,services,married,secondary,no,1550,yes,no,cellular,16,apr,126,2,149,8,failure,no
35,entrepreneur,married,tertiary,no,0,no,no,cellular,5,may,74,1,168,4,failure,no
25,student,single,secondary,no,1790,no,no,cellular,17,apr,224,1,322,3,failure,no
40,blue-collar,married,secondary,no,498,yes,no,cellular,8,may,55,2,298,4,failure,no
26,technician,single,secondary,no,455,no,no,cellular,29,jan,240,1,182,8,other,no
31,management,married,tertiary,no,1010,yes,no,cellular,15,may,385,3,364,9,other,no
48,blue-collar,married,primary,no,1092,no,yes,cellular,18,nov,79,1,172,8,failure,no
36,technician,single,secondary,no,1855,yes,no,cellular,4,feb,75,1,273,1,failure,no
46,services,married,secondary,no,0,yes,no,cellular,22,jun,154,1,124,1,other,no
28,services,married,secondary,no,0,yes,no,cellular,5,may,335,2,281,8,failure,no
37,management,divorced,secondary,no,414,no,no,cellular,29,jan,293,2,162,4,failure,no
52,management,married,tertiary,no,1944,yes,no,cellular,15,apr,238,3,323,2,failure,no
28,technician,single,secondary,no,3,no,no,telephone,18,may,40,8,349,6,failure,no
50,management,married,tertiary,no,2881,no,no,cellular,5,aug,510,2,2,5,other,no
30,blue-collar,single,secondary,no,445,yes,no,cellular,16,apr,218,1,330,2,failure,no
40,management,married,secondary,no,643,yes,no,cellular,17,apr,74,2,256,1,failure,no
40,management,married,tertiary,no,-1212,yes,no,cellular,15,may,1259,2,333,18,failure,no
41,technician,married,secondary,no,2125,yes,yes,cellular,21,nov,285,3,116,4,failure,no
32,technician,single,secondary,no,271,yes,no,cellular,13,may,80,2,268,2,other,no
47,technician,married,secondary,no,-75,yes,no,cellular,4,feb,57,1,247,1,other,no
27,services,married,secondary,no,58,yes,no,cellular,7,may,113,1,337,2,other,no
31,management,single,tertiary,no,112,yes,no,cellular,2,feb,159,2,271,1,failure,no
40,self-employed,married,tertiary,no,13669,no,no,cellular,15,oct,138,1,136,8,other,no
43,management,married,tertiary,no,1429,yes,no,cellular,19,nov,1015,1,198,2,other,yes
47,unemployed,married,primary,no,168,yes,no,telephone,30,jan,66,1,241,1,other,no
39,services,single,secondary,no,7066,yes,no,cellular,15,may,667,3,357,3,other,yes
59,management,single,secondary,no,671,yes,yes,cellular,29,jan,219,2,259,5,failure,no
55,housemaid,divorced,primary,no,976,no,no,cellular,28,jun,345,1,94,3,other,yes
46,management,divorced,tertiary,no,624,no,no,cellular,17,sep,336,2,183,2,success,yes
36,blue-collar,married,secondary,no,-461,no,no,cellular,11,may,254,2,353,1,failure,no
34,technician,single,tertiary,no,144,yes,yes,cellular,14,oct,104,1,85,19,failure,no
56,technician,married,secondary,no,150,yes,yes,cellular,11,may,102,6,349,1,failure,no
38,management,single,tertiary,no,15030,yes,no,cellular,13,may,167,1,174,7,other,no
26,admin.,single,secondary,no,255,no,no,cellular,30,apr,457,1,80,1,success,yes
31,technician,single,secondary,no,102,yes,no,telephone,17,apr,460,2,345,2,failure,no
45,entrepreneur,married,primary,no,58,yes,no,telephone,13,may,119,3,371,3,failure,no
28,management,single,tertiary,no,882,no,yes,cellular,29,jan,94,1,205,2,failure,no
27,student,single,tertiary,no,5291,no,no,cellular,12,nov,192,2,92,2,failure,yes
49,management,single,secondary,no,61,yes,no,cellular,29,jan,185,2,246,1,failure,no
30,technician,single,tertiary,no,3,yes,no,cellular,6,may,45,2,169,2,failure,no
34,admin.,married,tertiary,no,35,yes,no,cellular,15,oct,76,1,69,2,failure,no
31,blue-collar,married,primary,no,99,yes,no,cellular,17,apr,193,2,322,1,other,no
41,management,married,tertiary,no,-29,no,no,cellular,29,jan,41,2,266,2,failure,no
38,admin.,married,primary,no,3913,yes,no,cellular,20,apr,196,2,315,2,failure,no
34,management,married,tertiary,no,0,yes,no,cellular,7,aug,262,1,99,2,success,yes
36,management,married,tertiary,no,222,yes,no,cellular,6,may,317,1,169,2,failure,no
27,unemployed,single,secondary,no,3276,no,no,cellular,5,aug,106,1,110,2,other,no
52,technician,married,secondary,no,196,yes,yes,cellular,24,feb,116,1,273,3,failure,no
35,blue-collar,married,secondary,no,6411,yes,yes,cellular,30,jan,144,1,266,2,failure,no
58,self-employed,married,primary,no,1013,yes,no,cellular,11,aug,206,1,461,1,failure,yes
37,technician,single,secondary,no,5436,yes,no,cellular,6,may,7,11,351,1,failure,no
59,self-employed,married,tertiary,no,2013,no,no,cellular,19,feb,222,4,94,2,success,yes
34,management,single,tertiary,no,673,yes,yes,cellular,20,nov,271,1,184,1,failure,no
20,student,single,secondary,no,291,no,no,telephone,11,may,172,5,371,5,failure,no
42,technician,married,secondary,no,994,yes,no,cellular,11,aug,149,1,78,5,failure,yes
38,management,married,tertiary,no,-70,yes,no,cellular,30,jan,140,1,2,3,other,no
55,blue-collar,divorced,secondary,no,1613,yes,no,cellular,3,apr,296,1,270,3,failure,yes
30,admin.,single,secondary,no,81,yes,no,cellular,6,aug,121,6,112,3,other,no
34,services,married,secondary,no,1337,no,no,cellular,17,dec,330,2,127,3,success,yes
63,entrepreneur,married,secondary,no,3904,no,no,telephone,4,aug,250,2,187,2,success,yes
48,management,married,tertiary,no,1147,no,no,cellular,5,aug,389,1,64,2,success,yes
38,blue-collar,married,secondary,no,0,yes,no,cellular,13,may,57,5,349,1,other,no
30,management,single,tertiary,no,726,yes,no,cellular,16,apr,39,1,342,3,failure,no
54,unknown,married,secondary,no,2206,no,no,cellular,12,nov,104,1,99,2,other,yes
38,admin.,married,tertiary,no,1988,no,no,cellular,27,mar,164,2,130,2,failure,yes
64,housemaid,married,primary,no,768,no,no,cellular,15,jul,250,2,182,1,success,no
46,technician,married,tertiary,no,217,yes,no,cellular,14,may,141,1,346,2,other,no
45,management,divorced,tertiary,no,2096,no,no,cellular,21,nov,127,1,100,2,failure,no
59,management,married,tertiary,no,1831,no,no,cellular,17,feb,122,1,92,1,failure,no
37,blue-collar,single,primary,no,851,yes,no,cellular,15,may,151,1,352,1,failure,no
43,management,single,tertiary,no,146,no,no,cellular,21,nov,50,1,113,5,other,no
59,technician,married,secondary,no,1,no,no,cellular,15,apr,159,2,378,3,failure,yes
37,technician,married,secondary,no,480,no,no,cellular,22,oct,344,2,182,8,other,yes
35,technician,married,secondary,no,2789,yes,no,cellular,4,sep,256,2,94,1,failure,no
42,technician,single,tertiary,no,-411,yes,no,cellular,12,may,78,5,292,3,failure,no
32,technician,married,tertiary,no,4089,no,no,cellular,26,may,114,7,287,3,failure,no
36,management,single,tertiary,no,243,yes,no,cellular,7,may,160,2,360,3,failure,no
36,services,single,secondary,no,1482,yes,no,cellular,18,nov,177,2,174,1,other,no
47,admin.,married,secondary,no,1934,no,yes,cellular,14,may,225,1,364,1,failure,no
31,management,single,tertiary,no,62,yes,no,cellular,18,may,175,1,293,5,failure,no
35,unemployed,married,secondary,no,977,yes,no,cellular,4,may,52,4,91,1,other,no
32,technician,single,tertiary,no,5514,no,no,cellular,22,apr,319,1,182,1,success,yes
34,technician,single,secondary,no,2729,yes,no,cellular,6,apr,945,1,139,1,success,no
50,management,married,tertiary,no,-470,yes,no,cellular,8,may,506,2,170,3,failure,no
34,services,married,secondary,no,1076,no,no,cellular,12,may,152,1,182,6,success,yes
71,technician,married,tertiary,no,383,no,no,cellular,27,oct,327,2,183,3,success,no
33,blue-collar,single,secondary,no,706,yes,no,cellular,7,apr,329,1,322,1,failure,no
36,management,married,secondary,no,1825,yes,no,cellular,14,may,24,1,346,1,failure,no
59,self-employed,married,tertiary,no,185,no,no,cellular,22,jun,177,5,138,1,failure,no
58,retired,single,secondary,no,1640,no,yes,cellular,4,feb,72,6,274,4,failure,no
60,admin.,divorced,secondary,no,174,yes,no,cellular,15,may,241,1,364,1,failure,no
36,management,single,tertiary,no,490,no,no,cellular,28,aug,207,8,98,1,failure,yes
29,management,single,tertiary,no,15459,no,no,cellular,26,may,245,3,97,7,success,no
51,blue-collar,married,secondary,no,160,yes,no,cellular,7,may,136,1,359,1,failure,no
32,admin.,divorced,secondary,yes,5,yes,yes,cellular,18,may,82,3,363,2,other,no
27,services,married,secondary,no,54,yes,no,cellular,18,may,97,1,370,1,failure,no
35,blue-collar,married,primary,no,298,yes,no,cellular,13,may,135,2,370,2,failure,no
43,blue-collar,married,primary,no,-98,yes,yes,cellular,12,may,112,2,330,3,other,no
41,blue-collar,married,secondary,no,-217,yes,no,cellular,11,may,313,1,349,3,other,no
41,management,divorced,tertiary,no,5037,no,no,cellular,23,apr,252,9,185,5,other,yes
32,management,married,tertiary,no,913,yes,no,cellular,23,jun,883,1,674,4,failure,no
31,management,married,secondary,no,625,yes,no,cellular,7,apr,424,1,138,1,failure,no
51,services,married,secondary,no,867,yes,no,cellular,3,feb,177,2,211,3,failure,no
80,retired,married,secondary,no,8304,no,no,telephone,9,jun,712,1,64,12,failure,yes
48,management,married,tertiary,no,60,no,no,telephone,7,may,376,2,339,7,failure,no
46,blue-collar,married,primary,no,91,yes,no,cellular,6,may,29,1,356,2,failure,no
41,entrepreneur,married,tertiary,no,171,yes,no,cellular,19,nov,209,1,191,4,failure,no
33,blue-collar,divorced,primary,no,142,yes,no,telephone,11,may,41,2,300,5,failure,no
40,management,single,tertiary,no,1509,no,no,cellular,15,mar,144,2,124,1,failure,no
27,admin.,married,secondary,no,710,yes,yes,cellular,6,may,653,1,334,2,success,yes
40,management,divorced,tertiary,no,69,yes,no,cellular,6,may,503,2,280,2,failure,no
34,admin.,married,secondary,no,1499,yes,no,cellular,13,apr,186,1,327,2,failure,no
83,retired,married,primary,no,425,no,no,telephone,22,jun,883,1,140,1,failure,yes
29,admin.,single,secondary,no,1448,no,no,cellular,10,mar,217,1,184,7,other,no
45,self-employed,married,secondary,no,706,no,no,cellular,30,apr,78,2,176,1,success,no
46,admin.,married,secondary,no,368,no,no,cellular,20,aug,293,1,90,4,other,yes
41,blue-collar,married,secondary,no,121,yes,no,cellular,13,may,16,6,176,5,other,no
24,admin.,married,secondary,no,299,yes,no,cellular,6,may,209,1,321,1,failure,no
50,services,married,secondary,no,254,yes,no,cellular,15,apr,397,2,337,1,failure,no
25,management,single,tertiary,no,553,yes,no,cellular,17,sep,113,4,479,1,failure,no
21,services,single,secondary,no,361,no,no,telephone,5,jun,329,1,95,1,other,no
34,technician,single,secondary,no,341,no,yes,cellular,29,jan,136,1,262,3,failure,no
37,blue-collar,married,primary,no,37,yes,no,cellular,13,may,24,2,362,1,other,no
35,blue-collar,single,secondary,no,0,yes,no,cellular,16,apr,1174,1,345,4,other,yes
28,admin.,married,secondary,no,-97,yes,no,cellular,29,jan,79,1,225,2,success,no
32,student,single,tertiary,no,0,no,no,cellular,6,aug,101,5,3,6,other,no
36,management,married,tertiary,no,495,no,no,cellular,5,aug,157,3,97,2,success,yes
38,entrepreneur,married,secondary,no,157,no,yes,cellular,15,may,57,11,366,1,other,no
77,retired,married,tertiary,no,0,no,no,cellular,16,oct,847,1,60,1,success,yes
73,retired,married,primary,no,1388,no,no,cellular,20,jul,146,3,190,3,success,no
57,technician,divorced,primary,no,13,yes,no,cellular,8,may,323,2,368,2,failure,no
33,management,married,tertiary,no,3696,no,no,cellular,19,nov,305,1,182,3,failure,no
38,management,married,tertiary,no,0,yes,no,cellular,13,may,537,5,303,2,failure,no
59,technician,married,secondary,no,259,no,no,cellular,15,jun,415,1,89,1,success,yes
38,technician,single,tertiary,no,744,yes,no,cellular,14,may,283,1,288,12,other,no
35,technician,single,tertiary,no,7546,yes,no,cellular,28,dec,137,1,122,3,failure,no
39,blue-collar,married,secondary,no,0,yes,no,cellular,7,may,502,1,7,2,failure,no
29,technician,single,secondary,no,113,no,no,cellular,12,feb,328,2,183,4,success,yes
45,technician,married,secondary,no,1415,yes,no,cellular,17,nov,483,1,116,1,failure,no
32,technician,married,secondary,no,286,no,no,cellular,20,apr,60,1,343,4,failure,no
35,management,married,tertiary,no,93,no,no,cellular,4,may,198,2,88,1,other,no
38,blue-collar,married,secondary,no,1663,yes,no,cellular,13,apr,217,3,327,1,failure,no
42,blue-collar,married,primary,no,792,yes,yes,cellular,19,nov,611,2,175,12,other,no
37,services,married,secondary,no,4760,yes,no,cellular,8,may,182,2,169,2,failure,no
50,blue-collar,divorced,secondary,no,203,yes,no,telephone,19,nov,265,1,127,4,other,no
43,self-employed,married,secondary,no,634,yes,no,cellular,17,nov,65,1,131,1,failure,no
54,entrepreneur,married,tertiary,no,1544,no,yes,cellular,5,feb,85,7,196,3,failure,no
36,blue-collar,married,primary,no,49,yes,no,cellular,15,may,232,2,365,5,other,no
34,blue-collar,single,primary,no,464,yes,no,cellular,18,may,173,1,299,2,other,no
37,management,married,tertiary,no,539,no,no,cellular,18,jan,540,2,115,3,failure,no
46,blue-collar,married,primary,no,2558,yes,no,telephone,20,nov,107,1,167,1,other,no
70,retired,married,secondary,no,2815,no,no,cellular,26,apr,125,2,182,1,failure,no
32,management,married,secondary,no,6217,yes,yes,cellular,18,nov,486,2,181,2,failure,no
55,self-employed,married,secondary,no,203,yes,no,telephone,14,may,9,5,174,12,other,no
36,services,married,secondary,no,1746,yes,no,cellular,7,apr,15,1,316,1,failure,no
38,technician,married,secondary,no,821,yes,yes,cellular,17,nov,224,2,180,1,failure,no
59,blue-collar,married,primary,no,699,no,no,cellular,28,jan,98,1,154,6,failure,no
42,unemployed,divorced,secondary,no,759,no,no,cellular,28,jan,97,1,169,3,failure,no
33,blue-collar,married,secondary,no,687,yes,no,cellular,14,may,72,2,370,1,failure,no
53,retired,married,secondary,no,4968,no,no,cellular,6,may,109,1,87,2,failure,no
36,admin.,divorced,secondary,no,356,yes,no,cellular,7,apr,244,3,313,1,failure,no
53,blue-collar,married,primary,no,306,no,no,cellular,28,jul,388,3,181,1,success,yes
47,blue-collar,married,primary,no,556,yes,no,cellular,4,feb,147,2,264,4,other,no
32,management,married,tertiary,no,4761,yes,no,cellular,5,may,159,2,350,2,failure,no
40,admin.,married,secondary,no,168,yes,no,cellular,7,may,249,2,169,1,failure,no
43,admin.,married,secondary,no,132,no,no,cellular,19,aug,574,1,84,3,success,yes
34,blue-collar,married,secondary,no,7,yes,yes,cellular,2,feb,171,2,193,2,other,no
31,management,single,tertiary,no,3283,no,no,cellular,2,feb,258,1,73,1,failure,yes
40,unemployed,divorced,secondary,no,507,yes,no,cellular,2,feb,134,1,266,7,failure,no
56,blue-collar,married,secondary,no,2190,no,yes,cellular,30,jan,90,2,232,1,failure,no
48,management,married,secondary,no,4415,yes,no,cellular,8,apr,1032,3,141,7,failure,yes
53,admin.,single,secondary,no,2398,yes,no,cellular,2,aug,317,1,180,2,failure,yes
40,admin.,single,secondary,no,100,yes,no,cellular,11,aug,221,1,461,1,success,yes
49,admin.,married,secondary,no,197,yes,no,cellular,13,apr,223,1,182,2,failure,yes
40,technician,single,tertiary,no,825,yes,no,cellular,20,apr,38,1,335,1,other,no
47,housemaid,single,tertiary,no,3232,no,no,telephone,6,oct,541,1,204,3,failure,no
29,management,single,tertiary,no,1445,no,no,cellular,26,apr,328,2,143,2,success,yes
35,technician,married,secondary,no,0,yes,no,cellular,9,nov,524,1,96,5,success,yes
35,self-employed,single,tertiary,no,44,no,no,cellular,7,sep,310,2,96,2,other,no
29,admin.,single,secondary,no,1992,no,no,cellular,8,jul,202,1,87,2,failure,no
51,management,single,tertiary,no,297,yes,no,cellular,15,may,415,4,375,1,failure,yes
32,technician,single,tertiary,no,13711,yes,no,cellular,14,may,638,1,175,3,success,no
37,services,single,secondary,no,1175,yes,no,cellular,15,may,102,1,333,2,failure,no
70,retired,married,tertiary,no,15834,no,no,cellular,5,apr,172,3,186,1,failure,no
28,blue-collar,married,secondary,no,373,yes,no,cellular,14,may,10,9,344,1,failure,no
27,blue-collar,married,secondary,no,2171,yes,no,cellular,16,apr,130,1,323,1,other,no
46,admin.,married,secondary,no,4958,yes,no,cellular,17,nov,64,3,150,5,other,no
50,management,married,tertiary,no,4374,yes,no,cellular,21,nov,163,2,113,3,failure,no
36,services,single,secondary,no,774,yes,no,cellular,3,feb,231,2,259,1,failure,no
37,blue-collar,married,primary,no,0,yes,no,cellular,6,may,226,1,363,3,other,no
38,blue-collar,married,primary,no,2240,yes,no,cellular,19,nov,551,1,183,1,failure,no
48,management,divorced,tertiary,no,541,yes,no,cellular,14,may,72,1,363,2,other,no
47,blue-collar,married,secondary,no,1230,yes,no,cellular,30,apr,412,1,169,1,success,yes
32,admin.,single,secondary,no,45,yes,yes,cellular,14,may,908,3,344,7,other,no
86,retired,married,secondary,no,1503,no,no,telephone,18,mar,165,3,101,1,other,no
42,management,married,primary,no,-679,yes,yes,cellular,6,may,159,1,343,2,failure,no
34,services,divorced,secondary,no,991,yes,no,cellular,6,may,89,1,344,1,failure,no
30,blue-collar,single,secondary,no,180,no,no,cellular,14,jul,203,1,183,2,failure,no
34,technician,single,secondary,no,440,yes,no,cellular,6,may,445,2,345,2,failure,no
39,technician,married,secondary,no,-735,yes,no,cellular,30,jan,144,5,248,2,failure,no
39,technician,divorced,secondary,no,902,yes,no,cellular,10,feb,691,2,180,5,failure,yes
28,student,single,tertiary,no,0,no,no,cellular,28,sep,294,2,105,7,other,yes
46,management,married,tertiary,no,273,yes,no,cellular,18,mar,910,2,184,4,success,yes
54,retired,married,secondary,no,1139,yes,no,cellular,14,may,155,1,177,7,failure,no
54,blue-collar,married,secondary,no,0,no,no,telephone,16,apr,1366,1,150,1,failure,no
29,management,single,tertiary,no,1026,no,no,cellular,12,nov,226,1,92,1,other,yes
22,student,single,primary,no,3472,no,no,cellular,20,oct,332,1,183,3,failure,yes
49,blue-collar,married,primary,no,474,yes,yes,telephone,9,feb,152,3,221,1,failure,no
46,entrepreneur,single,tertiary,no,1410,yes,no,cellular,19,nov,93,1,189,8,failure,no
41,admin.,divorced,secondary,no,6046,yes,yes,telephone,15,mar,300,6,182,2,success,yes
36,admin.,single,tertiary,no,980,no,no,cellular,11,nov,118,4,104,7,failure,no
77,retired,married,primary,no,680,no,no,telephone,24,feb,513,2,89,7,failure,no
35,technician,married,secondary,no,-259,yes,no,cellular,29,jan,381,1,247,2,failure,no
34,technician,single,secondary,no,105,yes,no,cellular,7,may,146,2,171,3,failure,no
45,blue-collar,married,secondary,no,2926,yes,yes,cellular,19,nov,482,3,120,2,failure,no
28,blue-collar,married,primary,no,60,yes,no,cellular,6,may,161,1,337,1,failure,no
32,admin.,single,tertiary,no,1583,yes,no,cellular,19,nov,100,1,182,1,failure,no
28,blue-collar,single,secondary,no,1065,yes,yes,cellular,17,apr,406,1,317,1,failure,no
51,unemployed,married,secondary,no,-13,yes,no,cellular,13,may,361,1,364,1,failure,no
31,blue-collar,single,secondary,no,609,yes,no,cellular,14,apr,1126,1,335,1,failure,no
40,management,single,tertiary,no,0,yes,no,cellular,23,feb,228,2,182,6,failure,yes
51,blue-collar,married,primary,no,42,yes,no,cellular,12,may,51,2,342,3,failure,no
59,management,married,primary,no,1727,no,no,telephone,25,may,500,4,358,2,failure,yes
30,management,married,tertiary,no,1942,yes,yes,cellular,21,nov,436,2,178,3,other,yes
59,technician,married,primary,no,4198,no,no,cellular,14,jan,309,1,91,10,success,yes
52,blue-collar,married,primary,no,230,yes,no,cellular,6,may,198,2,170,2,failure,no
48,technician,married,secondary,no,568,yes,no,cellular,2,sep,378,2,386,1,success,yes
41,housemaid,divorced,primary,no,22,yes,no,cellular,18,nov,238,3,126,4,other,no
47,technician,married,secondary,no,1167,yes,no,cellular,30,apr,968,1,87,5,failure,yes
38,management,single,tertiary,no,35,yes,no,cellular,17,apr,156,1,273,3,failure,no
80,retired,married,secondary,no,8304,no,no,telephone,6,apr,681,1,118,11,success,no
69,retired,married,tertiary,no,473,no,no,cellular,7,jul,112,1,78,1,failure,no
26,management,single,tertiary,no,592,no,no,telephone,29,jan,145,2,164,1,other,no
58,management,married,tertiary,no,9339,yes,no,telephone,18,nov,52,3,172,3,other,no
38,self-employed,divorced,tertiary,no,1513,no,no,cellular,7,may,330,1,342,1,failure,no
24,student,single,secondary,no,508,yes,no,telephone,18,may,12,3,374,1,other,no
48,unemployed,married,secondary,no,817,no,no,cellular,14,jan,517,1,282,4,success,yes
41,technician,divorced,secondary,no,348,yes,no,cellular,7,may,225,2,275,2,failure,no
35,housemaid,married,tertiary,no,1265,yes,no,cellular,15,may,326,5,179,4,failure,yes
37,management,married,tertiary,no,4089,yes,no,cellular,2,feb,289,2,174,4,other,yes
51,blue-collar,divorced,primary,no,602,yes,no,cellular,11,may,347,1,284,2,failure,no
33,services,married,secondary,no,386,no,no,cellular,12,nov,253,1,92,4,failure,yes
47,technician,married,secondary,no,826,yes,no,telephone,18,nov,195,3,112,8,other,no
28,blue-collar,single,secondary,no,-46,yes,no,cellular,1,sep,199,1,92,14,success,yes
32,blue-collar,single,secondary,no,33,yes,no,cellular,18,may,125,1,368,4,failure,no
40,services,married,secondary,no,1438,yes,no,cellular,6,may,207,1,351,2,failure,no
46,admin.,single,secondary,no,1693,yes,no,cellular,25,jan,137,1,97,1,success,no
54,management,divorced,tertiary,no,26306,yes,no,cellular,11,feb,27,1,84,3,failure,no
34,management,married,tertiary,no,3301,yes,no,cellular,17,jun,485,2,227,4,failure,yes
24,student,single,secondary,no,822,no,no,cellular,27,oct,184,1,91,2,failure,yes
33,blue-collar,married,secondary,no,139,yes,yes,cellular,18,may,732,2,291,5,failure,yes
46,management,single,tertiary,no,46,no,yes,cellular,17,nov,80,1,152,1,failure,no
34,admin.,single,secondary,no,10,no,yes,cellular,18,nov,162,1,173,3,failure,no
49,unemployed,divorced,tertiary,no,780,no,no,cellular,8,nov,148,1,871,2,failure,no
37,management,married,tertiary,no,238,no,no,cellular,3,feb,185,1,92,1,success,yes
36,management,single,tertiary,no,1531,yes,no,cellular,8,may,81,3,170,1,failure,no
58,retired,married,secondary,no,502,yes,no,cellular,12,may,197,2,370,3,failure,no
55,admin.,married,secondary,no,0,no,no,cellular,23,sep,180,2,238,3,success,no
34,management,single,tertiary,no,171,yes,no,cellular,7,may,191,1,294,1,failure,no
38,technician,married,secondary,no,1931,no,no,cellular,2,jun,167,1,298,10,other,no
34,entrepreneur,married,secondary,no,2,yes,yes,cellular,5,may,184,1,167,6,failure,no
48,technician,married,secondary,no,197,no,yes,cellular,3,feb,47,2,222,3,other,no
28,technician,single,secondary,no,769,yes,no,cellular,15,may,153,1,371,2,failure,no
36,technician,married,tertiary,no,6,yes,no,cellular,27,jan,100,1,435,1,failure,no
53,admin.,married,secondary,no,225,yes,no,cellular,20,apr,304,1,340,1,failure,no
38,admin.,single,secondary,no,883,yes,no,cellular,12,may,95,1,327,9,other,no
30,management,married,tertiary,no,102,yes,no,cellular,5,apr,470,7,426,3,other,yes
33,admin.,single,tertiary,no,490,yes,no,cellular,7,may,31,1,363,2,failure,no
26,services,single,secondary,no,512,yes,yes,cellular,30,jan,206,5,239,3,failure,no
36,services,single,secondary,no,417,yes,no,cellular,6,feb,15,10,207,3,failure,no
33,admin.,divorced,secondary,no,661,yes,no,cellular,18,nov,411,1,173,2,other,no
43,services,single,secondary,no,3403,yes,no,cellular,12,nov,707,2,97,2,success,yes
42,blue-collar,divorced,secondary,no,1491,yes,no,cellular,6,may,203,2,334,2,failure,no
32,technician,single,secondary,no,6402,yes,no,cellular,6,may,158,1,167,1,success,no
30,management,married,tertiary,no,877,no,no,cellular,13,aug,202,1,83,5,failure,no
40,technician,married,secondary,no,0,yes,yes,cellular,26,jul,105,2,172,1,failure,no
26,student,single,secondary,no,203,no,no,cellular,16,nov,104,1,196,1,failure,no
52,technician,married,secondary,no,1818,no,yes,cellular,17,nov,189,2,111,4,failure,no
42,unemployed,married,secondary,no,1289,no,no,cellular,15,jul,250,4,415,2,failure,yes
73,retired,married,primary,no,796,no,no,cellular,23,oct,427,1,182,2,failure,yes
51,technician,married,secondary,no,117,no,no,cellular,24,aug,467,2,88,4,other,yes
39,management,married,tertiary,no,691,yes,yes,cellular,16,apr,517,1,255,1,failure,no
35,management,married,secondary,no,724,yes,no,cellular,14,jul,287,2,415,1,failure,yes
30,blue-collar,married,secondary,no,-28,yes,no,cellular,18,may,284,2,371,1,failure,no
46,blue-collar,married,primary,no,665,no,no,cellular,30,jan,89,4,235,2,failure,no
36,management,married,tertiary,no,925,no,no,cellular,14,dec,321,3,189,4,success,yes
26,blue-collar,single,primary,no,155,yes,no,cellular,29,jan,291,1,244,4,failure,no
22,student,single,secondary,no,2488,no,no,cellular,8,nov,449,2,38,10,other,yes
32,management,married,tertiary,no,1667,yes,no,cellular,18,nov,164,2,179,3,failure,no
50,admin.,divorced,secondary,no,769,no,no,cellular,28,jul,72,2,363,4,failure,no
35,blue-collar,married,secondary,no,1257,yes,no,cellular,20,apr,93,3,329,7,failure,no
56,entrepreneur,divorced,primary,no,29,no,no,cellular,29,jan,52,2,227,1,failure,no
44,technician,divorced,secondary,no,14,no,no,cellular,13,nov,167,1,92,1,success,yes
31,management,married,tertiary,no,4148,yes,no,cellular,21,nov,316,3,99,9,other,yes
49,unemployed,married,tertiary,no,377,no,no,cellular,22,may,158,1,59,2,failure,no
34,admin.,divorced,secondary,no,479,yes,no,cellular,12,may,515,1,350,5,failure,yes
44,blue-collar,married,secondary,no,1071,yes,no,cellular,11,may,143,3,357,1,failure,no
55,admin.,married,secondary,no,865,yes,no,cellular,17,apr,85,1,151,1,failure,no
52,technician,married,tertiary,no,2557,no,no,cellular,28,jan,134,5,204,2,success,yes
32,technician,married,secondary,no,4,no,no,cellular,4,feb,145,2,260,4,failure,no
36,blue-collar,single,primary,no,367,no,no,cellular,2,feb,217,1,221,1,failure,no
36,admin.,married,secondary,no,725,yes,no,cellular,27,feb,123,3,99,8,failure,no
45,blue-collar,married,secondary,no,776,yes,no,cellular,6,feb,232,4,253,1,failure,no
28,technician,single,secondary,no,1453,yes,no,cellular,12,may,246,1,343,1,other,no
27,admin.,single,tertiary,no,3672,yes,no,cellular,15,may,157,2,351,5,failure,no
45,blue-collar,single,secondary,no,0,yes,no,cellular,26,apr,1472,1,192,4,failure,yes
36,management,married,tertiary,no,1133,yes,no,cellular,4,aug,293,1,181,2,other,yes
59,admin.,married,secondary,no,92,yes,no,cellular,12,may,139,2,350,1,failure,no
27,student,single,tertiary,no,3733,yes,no,cellular,22,may,198,1,98,6,success,yes
46,admin.,married,secondary,no,0,yes,yes,cellular,20,apr,239,2,259,2,failure,no
35,self-employed,married,tertiary,no,560,yes,no,cellular,2,apr,58,1,136,1,failure,no
29,management,single,tertiary,no,437,no,no,cellular,5,aug,504,1,92,1,success,yes
74,retired,married,secondary,no,935,no,no,cellular,26,jan,100,1,104,1,other,no
57,blue-collar,married,secondary,no,1521,yes,yes,cellular,18,may,102,2,178,5,failure,no
34,management,married,tertiary,no,1310,no,no,telephone,30,jan,521,3,158,7,other,no
55,management,divorced,tertiary,no,9756,yes,no,cellular,5,jun,103,2,95,1,other,yes
37,blue-collar,married,primary,no,403,yes,no,cellular,8,may,318,2,338,1,success,no
45,technician,divorced,secondary,no,809,yes,no,cellular,13,may,155,2,363,4,failure,no
33,management,married,tertiary,no,287,yes,no,cellular,15,may,199,2,274,3,other,no
47,technician,divorced,tertiary,no,477,yes,no,telephone,7,may,973,1,366,1,failure,no
32,technician,single,secondary,no,230,yes,no,cellular,18,may,442,1,266,8,failure,yes
60,admin.,married,secondary,no,-396,yes,no,cellular,11,may,443,1,350,1,failure,no
34,management,married,tertiary,no,1657,yes,no,cellular,18,may,566,2,356,4,failure,no
39,technician,married,secondary,no,994,no,no,cellular,5,feb,221,1,241,1,failure,no
34,blue-collar,married,secondary,no,1221,yes,no,cellular,6,may,182,1,90,8,failure,no
42,blue-collar,married,secondary,no,2157,yes,no,cellular,13,may,149,1,364,2,failure,no
37,management,married,primary,no,22856,no,no,cellular,2,jul,154,1,388,1,failure,no
35,technician,single,secondary,no,5731,yes,no,cellular,4,may,164,2,167,4,other,no
56,admin.,married,secondary,no,1270,yes,no,cellular,17,nov,80,2,165,2,other,no
41,admin.,single,secondary,no,748,no,no,telephone,21,nov,94,7,130,3,other,no
57,entrepreneur,divorced,secondary,yes,25,yes,no,cellular,11,may,652,1,370,4,other,no
26,admin.,single,secondary,no,96,yes,no,cellular,13,may,612,2,348,3,other,no
39,management,married,tertiary,no,763,yes,no,cellular,11,may,877,7,300,2,other,yes
36,management,married,tertiary,no,1582,no,no,telephone,3,feb,26,2,197,1,failure,no
43,blue-collar,married,secondary,no,699,yes,yes,cellular,20,nov,1258,2,122,2,other,yes
47,blue-collar,married,primary,no,881,yes,no,cellular,14,may,143,1,370,2,failure,no
38,technician,married,secondary,no,6728,no,no,cellular,25,nov,232,1,96,4,success,yes
40,self-employed,married,secondary,no,167,yes,yes,cellular,8,may,380,4,295,1,failure,no
32,technician,single,tertiary,no,1625,no,no,cellular,22,may,796,1,109,1,failure,yes
23,blue-collar,single,primary,no,8627,yes,no,cellular,15,may,169,1,346,1,failure,no
31,management,single,tertiary,no,2590,no,no,cellular,23,sep,103,2,484,2,other,no
61,housemaid,married,primary,no,848,no,no,cellular,27,apr,605,1,187,1,other,no
43,management,married,secondary,no,481,yes,no,telephone,18,nov,164,1,110,2,other,no
32,management,single,tertiary,no,697,no,no,cellular,7,aug,119,1,99,3,failure,no
39,management,married,tertiary,no,894,yes,no,cellular,20,apr,491,1,326,1,other,no
37,blue-collar,married,primary,no,655,yes,no,cellular,5,feb,127,2,258,4,failure,no
56,retired,divorced,primary,no,694,no,no,cellular,29,jan,144,1,102,1,other,yes
41,technician,single,tertiary,no,1646,yes,no,cellular,4,feb,261,1,184,6,success,yes
29,admin.,single,tertiary,no,14,no,no,cellular,29,sep,87,1,120,1,failure,no
39,admin.,married,secondary,no,260,yes,no,cellular,17,apr,146,1,281,1,failure,no
49,blue-collar,married,secondary,no,2039,yes,no,cellular,6,may,451,1,169,2,failure,yes
46,blue-collar,married,primary,no,147,yes,no,cellular,6,may,116,2,169,3,failure,no
36,technician,married,secondary,no,55,yes,no,cellular,13,may,38,2,369,4,failure,no
35,management,married,tertiary,no,552,yes,yes,cellular,19,nov,314,2,124,1,failure,no
32,blue-collar,married,secondary,no,1787,yes,no,cellular,12,may,87,4,357,4,failure,no
31,management,single,tertiary,no,12569,no,no,cellular,9,sep,344,1,295,1,failure,yes
46,blue-collar,married,secondary,no,4855,yes,no,cellular,10,aug,1529,1,397,1,failure,no
47,technician,married,tertiary,no,2408,no,no,cellular,12,aug,236,1,104,1,success,no
37,blue-collar,married,secondary,no,346,yes,no,cellular,17,apr,390,1,316,1,failure,no
38,entrepreneur,married,tertiary,no,1514,no,yes,cellular,21,nov,160,3,120,3,failure,no
38,entrepreneur,single,secondary,no,2543,no,no,cellular,10,aug,223,1,414,4,failure,yes
56,blue-collar,married,primary,no,828,yes,no,cellular,14,may,214,1,349,1,failure,no
47,housemaid,married,secondary,no,3940,yes,no,cellular,9,nov,171,2,96,5,success,no
37,admin.,married,secondary,no,7,yes,no,cellular,27,may,224,7,105,1,other,no
60,admin.,married,secondary,no,3735,no,no,cellular,22,dec,190,1,188,9,success,yes
44,blue-collar,married,secondary,no,508,yes,no,cellular,20,apr,222,1,154,1,failure,no
43,blue-collar,married,primary,no,60,no,no,cellular,8,may,487,2,367,2,other,no
37,blue-collar,married,secondary,no,342,yes,no,cellular,12,may,340,2,175,1,failure,no
36,blue-collar,single,tertiary,no,1830,no,no,cellular,14,oct,183,1,91,11,failure,no
38,management,single,tertiary,no,16957,yes,no,telephone,29,jan,208,1,247,2,failure,no
40,management,married,tertiary,no,0,no,no,cellular,10,nov,147,1,96,8,success,yes
50,technician,divorced,secondary,no,-54,yes,yes,cellular,13,may,698,2,292,1,failure,yes
55,unemployed,married,tertiary,no,4809,yes,no,cellular,21,nov,223,2,186,3,other,no
34,admin.,married,secondary,no,2374,yes,no,cellular,9,nov,161,1,209,2,failure,yes
32,admin.,single,secondary,no,92,yes,no,cellular,18,may,110,1,315,2,failure,no
40,blue-collar,married,primary,no,1397,yes,no,telephone,12,may,58,2,334,1,failure,no
35,services,single,secondary,no,414,yes,no,cellular,20,apr,11,5,319,2,other,no
38,technician,married,secondary,no,4030,yes,no,cellular,19,nov,75,2,177,5,failure,no
52,admin.,married,secondary,no,0,no,no,cellular,22,apr,91,2,275,1,failure,no
43,management,single,tertiary,no,1696,yes,no,cellular,26,aug,257,1,474,3,failure,yes
34,blue-collar,married,secondary,no,856,yes,no,cellular,20,apr,470,1,150,5,other,no
34,technician,single,secondary,no,347,yes,no,cellular,6,feb,154,2,197,6,failure,no
31,technician,single,secondary,no,2544,no,no,cellular,15,jul,252,1,184,3,success,yes
46,management,married,tertiary,no,523,yes,no,cellular,6,may,105,4,366,2,failure,no
56,retired,married,secondary,no,3948,no,no,cellular,3,apr,484,1,135,3,failure,no
66,retired,married,primary,no,747,no,no,telephone,28,jan,203,3,93,1,failure,no
39,self-employed,married,tertiary,no,585,yes,no,cellular,18,nov,48,1,181,3,failure,no
28,technician,married,secondary,no,232,yes,yes,cellular,29,jan,72,1,261,1,failure,no
53,self-employed,married,tertiary,no,451,yes,no,cellular,2,feb,125,1,249,2,failure,no
32,admin.,single,secondary,no,678,yes,no,cellular,4,feb,1579,1,246,4,failure,yes
45,technician,divorced,secondary,no,976,yes,no,cellular,17,apr,183,1,338,2,failure,no
36,admin.,single,secondary,no,1927,yes,no,cellular,18,nov,288,1,137,1,other,no
75,blue-collar,married,secondary,no,6053,no,no,cellular,11,feb,865,2,190,1,failure,no
35,admin.,married,secondary,no,725,yes,no,cellular,20,nov,219,7,133,1,failure,no
50,entrepreneur,married,secondary,no,806,yes,yes,cellular,7,may,141,8,297,2,other,no
55,management,divorced,tertiary,no,481,yes,no,telephone,8,may,147,2,298,3,failure,no
28,admin.,single,secondary,no,4745,no,no,telephone,12,may,360,1,181,5,success,yes
33,blue-collar,married,secondary,no,331,yes,no,cellular,14,may,178,7,365,5,other,no
79,retired,married,primary,no,8556,no,no,telephone,18,jan,326,2,272,2,success,yes
77,retired,married,primary,no,680,no,no,telephone,27,nov,341,4,94,3,failure,no
29,admin.,married,secondary,no,22171,yes,no,cellular,18,may,44,1,355,3,failure,no
56,management,married,tertiary,no,856,yes,yes,cellular,4,feb,70,4,7,7,other,no
32,blue-collar,single,secondary,no,53,yes,no,cellular,18,nov,276,1,195,1,failure,no
43,blue-collar,married,primary,no,2519,yes,no,cellular,16,apr,257,2,146,9,other,no
52,blue-collar,married,secondary,no,2087,yes,no,cellular,31,aug,267,1,474,1,failure,yes
27,management,single,tertiary,no,390,no,no,cellular,28,oct,190,1,82,1,success,no
54,technician,married,tertiary,no,876,no,no,cellular,27,oct,269,3,541,3,success,yes
36,management,married,tertiary,no,495,no,no,cellular,12,mar,213,3,182,6,success,yes
45,admin.,married,primary,no,542,no,no,cellular,11,may,8,5,350,3,other,no
35,management,married,tertiary,no,24,yes,no,cellular,8,apr,169,1,231,2,failure,no
45,blue-collar,married,secondary,no,192,yes,no,cellular,13,may,154,5,176,1,other,no
35,blue-collar,married,secondary,no,262,no,no,cellular,2,jul,96,2,109,4,success,no
44,services,single,secondary,no,5045,yes,no,cellular,21,nov,20,6,175,15,other,no
59,entrepreneur,married,primary,no,0,no,no,telephone,19,nov,207,2,153,1,failure,no
33,technician,single,secondary,no,1279,yes,no,cellular,18,may,239,2,349,3,success,no
30,admin.,single,secondary,no,127,yes,no,cellular,18,may,16,6,368,1,other,no
32,technician,divorced,secondary,no,202,yes,no,cellular,4,feb,429,1,201,1,failure,no
28,self-employed,single,tertiary,no,442,no,no,cellular,19,jun,474,3,95,3,other,yes
27,technician,single,tertiary,no,808,yes,no,cellular,15,may,578,1,364,1,other,no
38,management,single,tertiary,no,427,yes,no,cellular,6,may,17,3,169,2,failure,no
60,services,married,tertiary,no,4256,yes,no,cellular,16,aug,239,3,761,1,other,yes
52,services,divorced,secondary,no,238,yes,no,cellular,6,may,101,1,362,5,other,no
64,retired,married,tertiary,no,846,no,no,cellular,11,feb,671,1,181,3,failure,yes
35,self-employed,married,tertiary,no,980,no,no,cellular,2,aug,428,2,336,6,failure,no
33,admin.,married,tertiary,no,79,yes,no,cellular,22,oct,249,2,335,2,failure,yes
25,management,single,tertiary,no,808,no,no,cellular,18,sep,267,2,114,2,failure,yes
31,management,married,tertiary,no,22546,yes,no,cellular,14,may,8,6,267,4,failure,no
29,blue-collar,married,secondary,no,228,yes,no,cellular,11,may,12,8,342,9,failure,no
40,services,married,secondary,no,-378,yes,yes,cellular,13,may,541,1,295,6,failure,no
55,admin.,married,secondary,no,865,yes,no,cellular,27,oct,96,1,111,3,failure,no
31,admin.,married,secondary,no,389,yes,no,cellular,7,dec,69,1,185,2,failure,no
34,entrepreneur,married,secondary,no,1847,yes,no,cellular,9,apr,543,3,321,6,failure,no
57,services,divorced,secondary,no,4664,no,no,cellular,21,nov,22,4,114,1,failure,no
31,student,single,tertiary,no,64,no,no,cellular,15,sep,208,1,105,2,success,no
49,unemployed,married,tertiary,no,-471,yes,no,cellular,20,nov,77,3,185,7,failure,no
33,blue-collar,married,secondary,no,26,yes,no,cellular,17,apr,342,3,332,1,other,no
33,blue-collar,single,secondary,no,142,yes,no,cellular,14,may,123,1,360,3,other,no
38,unknown,single,tertiary,no,0,no,no,cellular,11,sep,260,3,95,3,success,yes
46,services,married,secondary,no,4,no,no,cellular,30,apr,268,1,261,5,other,yes
40,management,divorced,tertiary,no,502,yes,no,cellular,3,feb,267,4,270,3,other,no
38,management,single,tertiary,no,8669,yes,no,telephone,20,apr,5,3,150,6,failure,no
45,admin.,married,secondary,no,72,yes,yes,cellular,15,may,262,2,352,2,failure,no
60,admin.,married,secondary,no,2552,no,yes,cellular,30,jan,255,2,2,4,other,no
40,self-employed,married,primary,no,2077,yes,no,cellular,13,may,363,1,173,24,other,no
41,blue-collar,married,primary,no,7735,yes,no,cellular,20,nov,220,1,190,1,failure,no
58,management,married,secondary,no,139,no,no,cellular,27,may,188,1,161,2,other,no
29,management,single,tertiary,no,21,yes,no,cellular,14,may,107,4,371,3,failure,no
34,admin.,married,secondary,no,5320,no,no,cellular,3,mar,114,6,467,5,other,no
38,services,married,secondary,no,8876,no,no,cellular,2,feb,280,1,75,1,failure,no
34,blue-collar,married,secondary,no,360,yes,no,telephone,19,nov,46,1,182,2,failure,no
52,admin.,married,secondary,no,199,no,no,cellular,28,jan,978,2,189,1,other,no
46,blue-collar,married,primary,no,1291,yes,no,cellular,14,may,142,3,259,17,failure,no
40,unemployed,married,secondary,no,0,yes,no,cellular,19,nov,332,1,183,1,failure,no
40,management,married,tertiary,no,7780,no,no,telephone,4,may,364,1,355,1,other,no
30,management,married,secondary,no,-559,yes,yes,cellular,7,may,98,1,167,2,failure,no
36,management,single,tertiary,no,-679,yes,yes,cellular,7,may,172,1,93,1,failure,no
58,services,divorced,secondary,no,462,no,no,cellular,13,nov,495,1,93,1,success,yes
32,management,divorced,tertiary,no,883,yes,no,cellular,10,dec,798,1,185,5,other,yes
39,self-employed,married,secondary,no,31,yes,no,cellular,20,nov,61,2,181,4,failure,no
54,technician,married,secondary,no,0,no,no,telephone,14,aug,159,2,106,6,success,no
32,management,single,tertiary,no,347,yes,no,cellular,18,may,213,1,264,6,failure,no
31,technician,married,secondary,no,0,yes,yes,cellular,28,jan,71,1,223,9,other,no
33,services,divorced,secondary,no,2411,yes,no,cellular,23,oct,130,1,161,1,failure,yes
46,management,divorced,tertiary,no,225,yes,no,cellular,14,may,201,1,345,1,other,no
50,management,married,tertiary,no,112,yes,no,cellular,4,nov,70,5,85,5,other,no
47,admin.,single,secondary,no,1544,yes,no,cellular,6,apr,104,1,312,1,failure,no
39,technician,married,secondary,no,6,yes,no,cellular,18,may,122,3,357,4,failure,no
39,admin.,married,secondary,no,-650,no,no,cellular,15,may,123,2,364,1,failure,no
50,management,married,tertiary,no,78,yes,no,cellular,14,jan,218,3,161,9,other,no
34,housemaid,married,tertiary,no,0,no,no,cellular,26,may,141,1,188,1,failure,no
31,management,married,tertiary,no,1384,yes,no,cellular,30,jan,203,2,2,3,other,no
46,blue-collar,married,secondary,no,-1400,yes,no,telephone,6,may,309,3,355,4,failure,no
43,blue-collar,married,secondary,no,2160,no,no,cellular,8,sep,261,1,98,1,success,yes
27,technician,single,secondary,no,842,no,no,cellular,30,jul,273,1,91,1,other,no
42,blue-collar,single,primary,no,1628,yes,no,cellular,5,feb,119,1,195,8,success,no
70,retired,married,secondary,no,1164,no,no,telephone,14,may,338,3,185,2,failure,no
50,management,divorced,tertiary,no,356,no,no,cellular,8,may,198,2,358,5,other,no
50,self-employed,married,tertiary,no,202,yes,no,cellular,15,apr,107,1,148,4,failure,no
34,technician,married,secondary,no,114,yes,yes,cellular,4,jun,153,1,309,3,other,no
36,technician,married,tertiary,no,629,yes,yes,cellular,29,dec,109,1,246,1,failure,no
27,student,single,secondary,no,268,yes,no,cellular,13,may,528,1,358,2,failure,no
58,admin.,single,secondary,no,2223,no,no,cellular,4,dec,1139,2,114,1,success,no
30,management,single,tertiary,no,2,no,no,cellular,16,jun,102,1,85,1,failure,no
26,services,single,secondary,no,1347,no,no,telephone,18,jun,280,6,92,5,other,yes
26,services,single,secondary,no,5533,yes,no,cellular,7,may,582,2,283,4,failure,no
42,admin.,single,secondary,no,30,yes,no,cellular,4,feb,98,1,266,3,failure,no
39,management,single,tertiary,no,0,yes,no,cellular,12,may,561,4,369,3,failure,no
43,management,divorced,tertiary,no,497,no,no,cellular,13,may,66,1,363,22,failure,no
30,admin.,single,tertiary,no,305,no,no,cellular,30,apr,633,1,85,2,success,yes
29,technician,married,tertiary,no,858,yes,no,cellular,12,jun,234,7,330,1,failure,no
80,housemaid,married,primary,no,0,no,no,cellular,23,feb,639,1,189,1,failure,yes
31,management,married,tertiary,no,1331,no,no,cellular,30,apr,297,1,86,3,success,yes
57,admin.,divorced,primary,no,179,yes,no,cellular,15,may,67,1,368,2,failure,no
51,management,married,tertiary,no,5108,yes,no,cellular,8,oct,272,1,102,8,other,no
42,blue-collar,married,primary,no,-97,yes,no,cellular,3,feb,216,4,271,5,failure,no
43,management,married,tertiary,no,489,yes,no,cellular,8,may,130,1,172,2,other,no
34,self-employed,married,tertiary,no,263,no,no,cellular,4,may,203,1,78,8,other,no
35,management,divorced,tertiary,no,434,yes,no,cellular,11,may,277,1,271,2,success,no
37,housemaid,divorced,secondary,no,1040,yes,no,cellular,13,may,199,1,173,2,failure,no
52,retired,married,secondary,no,424,no,no,cellular,19,nov,143,1,154,3,failure,no
42,admin.,single,secondary,no,-247,yes,yes,telephone,21,oct,519,1,166,1,other,yes
50,management,married,tertiary,no,-470,yes,no,cellular,19,nov,130,2,160,1,failure,no
39,technician,married,secondary,no,116,no,no,cellular,24,aug,79,2,94,2,success,no
33,blue-collar,single,secondary,no,3975,yes,yes,cellular,17,apr,515,1,150,1,other,no
42,services,married,secondary,no,96,yes,no,cellular,5,may,238,3,340,2,failure,no
55,technician,divorced,secondary,no,3450,no,no,cellular,10,feb,169,1,183,1,failure,yes
46,management,single,tertiary,no,334,yes,no,telephone,4,may,36,6,90,2,other,no
41,management,divorced,tertiary,no,3355,no,no,cellular,14,oct,181,2,500,1,failure,no
30,technician,single,tertiary,no,2325,no,no,cellular,5,apr,270,3,241,4,other,no
31,blue-collar,married,secondary,no,1664,yes,no,cellular,20,apr,158,1,182,1,success,no
31,management,married,tertiary,no,623,yes,no,cellular,13,may,96,2,349,5,failure,no
32,admin.,married,secondary,no,3540,yes,no,cellular,18,may,213,1,178,1,failure,no
53,services,divorced,secondary,no,765,yes,no,cellular,14,may,959,3,174,7,other,yes
34,management,single,tertiary,no,8038,yes,no,cellular,20,apr,29,3,152,1,failure,no
36,self-employed,married,secondary,no,189,yes,no,cellular,19,nov,136,1,120,1,failure,no
29,housemaid,single,tertiary,no,19,no,no,cellular,5,feb,110,2,64,2,success,yes
50,unknown,married,primary,no,341,yes,yes,cellular,20,apr,670,4,340,2,success,yes
39,admin.,married,secondary,no,607,yes,no,cellular,12,may,454,2,364,3,failure,yes
26,management,single,tertiary,no,1274,yes,no,cellular,1,jun,190,1,84,1,failure,no
51,blue-collar,married,primary,no,377,yes,no,telephone,3,feb,143,4,272,1,failure,no
26,admin.,single,secondary,no,802,no,no,cellular,30,jan,77,1,2,2,other,no
36,management,divorced,tertiary,no,649,no,no,cellular,16,jul,237,2,91,1,failure,no
26,student,single,tertiary,no,294,no,no,cellular,5,mar,87,1,91,2,success,yes
57,admin.,married,secondary,no,169,no,no,cellular,14,aug,180,1,106,2,failure,no
36,self-employed,married,tertiary,no,506,no,no,cellular,25,aug,47,1,120,1,failure,no
47,management,single,tertiary,no,4402,no,no,telephone,10,dec,805,1,190,1,other,yes
31,services,divorced,primary,no,459,yes,no,cellular,7,may,623,1,293,1,success,yes
36,blue-collar,married,primary,no,1177,no,no,cellular,15,apr,330,1,311,4,success,yes
48,blue-collar,married,secondary,no,1143,yes,no,cellular,17,apr,264,1,317,1,failure,no
57,retired,married,primary,no,-464,yes,no,cellular,4,feb,75,1,190,6,failure,no
51,retired,divorced,secondary,no,1679,no,no,cellular,12,aug,417,1,365,9,other,yes
47,admin.,married,secondary,no,3676,no,no,cellular,18,oct,567,1,95,3,success,yes
25,management,married,tertiary,no,-242,yes,yes,cellular,18,may,600,4,332,4,other,yes
45,services,single,secondary,no,1757,yes,no,cellular,20,apr,1010,3,326,1,other,no
50,technician,single,secondary,no,246,yes,no,cellular,17,nov,270,1,123,2,failure,no
44,blue-collar,married,primary,no,887,yes,no,cellular,12,may,165,2,363,1,failure,no
50,self-employed,married,secondary,no,2061,yes,yes,cellular,29,jan,197,2,244,3,failure,no
48,management,married,tertiary,yes,-13,yes,no,cellular,15,may,20,6,291,2,other,no
66,retired,married,tertiary,no,1948,no,no,cellular,28,jan,216,1,91,4,success,yes
43,blue-collar,single,secondary,no,24,no,no,cellular,12,may,68,1,363,1,failure,no
43,blue-collar,married,primary,no,188,yes,no,cellular,12,may,58,3,347,5,failure,no
44,management,married,tertiary,no,724,yes,no,cellular,17,nov,157,2,172,1,failure,no
53,admin.,divorced,secondary,no,26,yes,no,cellular,7,may,56,1,359,1,failure,no
55,blue-collar,married,primary,no,1086,yes,no,cellular,6,may,146,1,272,2,failure,no
38,housemaid,divorced,secondary,no,70,no,no,cellular,27,oct,255,3,148,1,success,yes
43,technician,married,secondary,no,0,yes,yes,cellular,4,feb,539,8,204,5,failure,no
38,blue-collar,divorced,secondary,no,0,yes,no,cellular,11,may,580,1,173,1,failure,no
40,technician,married,secondary,no,4441,yes,no,cellular,20,nov,153,2,183,2,failure,no
71,unknown,married,tertiary,no,353,no,no,cellular,27,jan,208,1,93,2,failure,no
30,technician,single,tertiary,no,1185,yes,no,cellular,30,apr,284,1,339,1,failure,no
32,blue-collar,married,secondary,no,2,yes,no,cellular,15,may,16,9,309,1,failure,no
40,services,married,secondary,no,9374,yes,no,cellular,21,nov,7,8,185,1,failure,no
31,admin.,divorced,secondary,no,360,no,no,cellular,15,may,332,1,297,2,other,no
28,technician,single,secondary,no,1532,no,no,cellular,22,may,253,1,107,5,failure,no
29,management,single,tertiary,no,1673,no,no,cellular,16,aug,200,2,159,3,other,no
70,retired,married,secondary,no,616,no,no,cellular,27,apr,149,2,182,1,failure,no
36,services,married,secondary,no,3064,yes,no,telephone,26,aug,240,3,107,4,failure,no
31,services,single,secondary,no,481,yes,no,cellular,20,nov,106,2,183,2,failure,no
28,admin.,married,secondary,no,12,yes,no,cellular,30,jan,73,3,256,3,other,no
53,blue-collar,married,primary,no,53,yes,no,cellular,7,apr,208,1,140,1,failure,no
40,blue-collar,married,primary,no,2805,yes,no,cellular,14,may,173,6,353,23,failure,no
51,management,married,tertiary,no,1612,no,no,cellular,16,mar,384,1,182,5,failure,no
32,blue-collar,married,secondary,yes,-53,yes,no,cellular,16,apr,648,1,272,1,other,yes
69,retired,single,tertiary,no,2144,no,no,cellular,29,jul,417,1,184,4,success,yes
26,entrepreneur,married,tertiary,no,37,yes,yes,cellular,6,may,207,1,363,2,failure,no
34,management,married,tertiary,no,436,yes,no,cellular,17,apr,28,1,345,1,failure,no
33,technician,single,secondary,no,647,yes,yes,cellular,4,feb,124,1,273,1,other,no
50,blue-collar,married,primary,no,2142,yes,no,cellular,29,jan,309,2,224,1,other,no
33,services,single,secondary,no,358,yes,no,cellular,7,may,302,1,356,3,failure,no
32,management,single,tertiary,no,473,yes,no,cellular,11,may,72,2,361,1,other,no
37,management,married,tertiary,no,0,no,no,cellular,11,mar,129,4,107,2,failure,no
33,technician,married,tertiary,no,8023,no,no,cellular,25,feb,196,1,87,4,failure,no
21,student,single,secondary,no,6844,no,no,cellular,14,aug,126,3,127,7,other,no
53,unemployed,married,secondary,no,94,no,no,cellular,10,aug,493,1,181,14,success,yes
57,retired,married,secondary,no,1044,no,no,telephone,11,jan,585,1,192,2,success,yes
35,services,divorced,secondary,no,221,yes,no,cellular,14,may,150,1,360,1,failure,no
27,student,single,tertiary,no,-148,yes,no,cellular,11,sep,146,3,224,1,other,no
52,technician,married,tertiary,no,0,no,no,cellular,9,aug,145,3,94,4,success,no
31,management,single,tertiary,no,1130,yes,no,cellular,17,apr,224,3,74,4,failure,no
48,blue-collar,married,secondary,no,480,yes,no,cellular,15,may,830,1,352,2,failure,yes
36,unemployed,married,secondary,no,-872,yes,yes,cellular,20,nov,153,1,183,1,failure,no
37,blue-collar,divorced,secondary,no,33,yes,no,cellular,20,nov,106,2,167,1,failure,no
40,student,married,secondary,no,260,no,no,cellular,19,nov,52,1,152,6,failure,no
57,technician,married,secondary,no,589,yes,no,cellular,2,feb,223,1,76,4,failure,no
30,technician,single,secondary,no,-522,yes,yes,cellular,5,may,670,2,286,6,failure,yes
37,unemployed,married,secondary,no,1978,no,no,cellular,9,sep,404,1,182,1,success,yes
53,admin.,married,secondary,no,459,no,no,cellular,14,oct,317,6,192,1,success,no
62,self-employed,divorced,tertiary,no,6,yes,no,cellular,13,oct,216,1,183,4,success,yes
38,technician,single,secondary,no,-242,yes,no,cellular,18,may,1173,3,278,6,success,yes
33,management,single,tertiary,no,201,yes,no,cellular,19,nov,171,1,183,1,failure,no
58,retired,married,secondary,no,3382,no,yes,cellular,28,may,294,2,309,2,failure,no
59,technician,married,secondary,no,2308,no,no,cellular,30,apr,815,1,87,1,other,yes
50,technician,married,tertiary,no,199,yes,yes,cellular,3,feb,116,2,253,1,failure,no
35,admin.,married,secondary,no,147,yes,yes,cellular,29,jan,41,1,184,7,failure,no
52,management,married,secondary,no,335,no,no,cellular,21,oct,411,1,182,1,failure,yes
54,self-employed,married,secondary,no,641,yes,no,cellular,17,apr,472,1,148,2,failure,no
40,services,married,tertiary,no,35,no,no,cellular,3,jul,318,4,317,3,failure,no
40,services,single,secondary,no,1547,yes,no,cellular,12,may,88,2,173,1,success,no
30,services,single,secondary,no,20,yes,no,cellular,20,apr,404,6,340,1,failure,no
31,technician,single,secondary,no,1626,no,no,cellular,7,may,356,2,286,3,failure,no
70,retired,divorced,secondary,no,6850,no,no,telephone,5,mar,252,3,183,1,failure,no
83,retired,divorced,primary,no,0,no,no,telephone,31,may,664,1,77,3,success,no
50,management,divorced,tertiary,no,100,yes,yes,cellular,13,may,157,1,299,3,failure,no
27,student,single,secondary,no,8366,no,no,cellular,7,may,458,2,349,1,other,no
47,blue-collar,married,secondary,no,2548,yes,no,cellular,11,may,577,1,368,1,other,no
51,blue-collar,married,primary,no,40,yes,no,cellular,13,may,79,1,370,1,failure,no
32,admin.,married,secondary,no,0,yes,yes,cellular,17,nov,159,2,195,2,failure,no
40,technician,married,secondary,no,697,no,no,cellular,24,jun,220,2,219,2,other,no
38,blue-collar,single,secondary,no,13156,yes,no,cellular,17,apr,291,4,331,1,failure,no
54,services,divorced,secondary,no,1012,yes,no,cellular,12,may,33,3,175,2,other,no
30,technician,single,secondary,no,4787,yes,no,cellular,18,nov,266,1,167,2,failure,no
31,blue-collar,married,secondary,no,3653,yes,yes,cellular,21,nov,252,1,168,4,failure,no
41,retired,single,primary,no,0,no,no,cellular,8,may,239,1,368,2,failure,no
35,blue-collar,married,secondary,no,305,yes,no,cellular,18,may,7,7,367,25,failure,no
65,retired,married,primary,no,493,no,no,cellular,16,oct,622,1,182,1,failure,no
45,technician,married,secondary,no,999,yes,no,cellular,20,nov,215,6,188,2,failure,no
45,management,single,tertiary,no,2048,yes,no,cellular,18,oct,310,1,804,1,failure,yes
40,management,married,tertiary,no,-17,yes,yes,cellular,11,may,474,1,256,1,success,yes
35,technician,single,secondary,no,175,yes,no,cellular,29,jan,219,1,246,1,failure,no
31,technician,single,secondary,no,4888,yes,no,telephone,5,may,475,4,166,2,failure,no
49,blue-collar,single,primary,no,2146,yes,no,cellular,7,may,1516,2,353,2,other,yes
35,blue-collar,married,secondary,no,5304,yes,no,cellular,20,nov,340,1,183,2,failure,no
37,management,married,primary,no,3953,yes,no,cellular,6,apr,610,2,138,1,failure,no
29,management,single,tertiary,no,572,no,no,cellular,16,dec,314,1,195,1,success,yes
31,admin.,single,secondary,no,223,yes,no,cellular,17,apr,508,1,315,11,success,no
33,technician,single,secondary,no,920,yes,no,cellular,21,nov,58,1,122,4,failure,no
38,management,single,tertiary,no,623,no,no,cellular,28,jun,297,4,144,4,other,yes
33,technician,married,secondary,no,4790,yes,no,cellular,20,apr,137,1,272,2,failure,no
53,blue-collar,married,primary,no,238,yes,no,cellular,11,may,238,2,361,5,failure,no
31,unemployed,single,secondary,no,315,no,no,cellular,30,jan,130,1,2,1,other,no
45,management,married,tertiary,no,6945,no,no,cellular,5,aug,131,5,356,3,failure,no
32,technician,single,secondary,no,309,yes,yes,cellular,16,apr,346,1,234,3,failure,no
42,blue-collar,single,secondary,no,1080,yes,yes,cellular,13,may,951,3,370,4,failure,yes
38,blue-collar,married,secondary,no,1205,yes,no,cellular,20,apr,45,4,153,1,failure,no
28,blue-collar,married,secondary,no,1137,no,no,cellular,6,feb,129,4,211,3,other,no
44,entrepreneur,single,tertiary,no,1136,yes,yes,cellular,3,apr,345,2,249,7,other,no
